epoch,result_id,status,submitted_at,completed_at,voc_mAP,ap50,ap75,coco_mAP,plane,baseball-diamond,bridge,ground-track-field,small-vehicle,large-vehicle,ship,tennis-court,basketball-court,storage-tank,soccer-ball-field,roundabout,harbor,swimming-pool,helicopter
0,4328,completed,2026-03-12T15:04:20,2026-03-12T15:21:45,0.4741304984806885,0.4741304984806885,0.1459144065859102,0.20657373706638887,0.6556715932227907,0.4906668663995682,0.20222118971906827,0.19468861086851535,0.6472432146379873,0.5799053452724038,0.7433123930805564,0.8929974511593907,0.4807996890859929,0.7992091466477814,0.02572316604211285,0.4776039816984917,0.3119939487544297,0.5377841329792389,0.0721367476420006
2,4329,completed,2026-03-12T15:04:26,2026-03-12T15:22:46,0.6336870782165042,0.6336870782165042,0.32982357764093223,0.34623773727997414,0.8434280010884767,0.5836623236473251,0.39527589128622603,0.4185926840379785,0.7718886808317834,0.7429305341575583,0.8626977423232343,0.9049509322950545,0.8086173619790329,0.826006465988319,0.21394060481546556,0.5274898671550495,0.5384011361225899,0.5943938766033662,0.4730300709161043
4,4330,completed,2026-03-12T15:04:33,2026-03-12T15:24:20,0.623275414966688,0.623275414966688,0.3267032613583554,0.3418445796758374,0.7824435171403652,0.6694990735836953,0.3978419167719432,0.40044833736694263,0.6411948346980624,0.7714599635673999,0.842619078449105,0.8964537978833054,0.8235664252564708,0.7939047151892837,0.3131894940093094,0.4515555947758925,0.5838586318967348,0.6148964409815753,0.3661994029302371
6,4331,completed,2026-03-12T15:04:41,2026-03-12T15:25:30,0.6706132824299103,0.6706132824299103,0.35442793476941603,0.37304130542020586,0.8107450870161585,0.7377816362263312,0.41004904988223134,0.45874354392294314,0.755070776002106,0.7924630376654254,0.8599533884538273,0.8968565554539768,0.8308354316820241,0.7991964801331987,0.426079093364313,0.5414940907112495,0.627843627067171,0.5760836771737822,0.5360037616939155
8,4332,completed,2026-03-12T15:04:48,2026-03-12T15:26:39,0.7053634719784504,0.7053634719784504,0.41758814492106977,0.40888359860965207,0.8049890628452424,0.7988448619109135,0.4494068336455325,0.5467576239292303,0.7872639036884052,0.8047916253543577,0.862410828289866,0.8952063222198059,0.8347322522750149,0.8307618521493557,0.4512520731426125,0.6206416598287512,0.6461832475443288,0.6531922943111378,0.5940176385422015
10,4333,completed,2026-03-12T15:04:55,2026-03-12T15:28:02,0.7147847620816523,0.7147847620816523,0.4208667290682749,0.41943090771500646,0.8118881269648778,0.779894490940495,0.48492858974578446,0.5330108731809995,0.7994029959690956,0.827161401012523,0.8662742543960501,0.895243120997623,0.8533779530825841,0.8390025814492389,0.5139310916572639,0.5638808645440134,0.664056842681438,0.6612639765322906,0.6284542680705059
12,4334,completed,2026-03-12T15:05:03,2026-03-12T15:29:14,0.7287291710496806,0.7287291710496806,0.43335454411264074,0.4288514433147455,0.8120766156723989,0.7755470992432661,0.49226474763322425,0.5768256831493607,0.8047923798570251,0.8378315213664199,0.8678314080863805,0.896474705517283,0.8557735802688159,0.8375593018932465,0.5554338499645427,0.6369960661389118,0.7190648758940017,0.6730416465894269,0.5894240844709066
14,4335,completed,2026-03-12T15:05:11,2026-03-12T15:30:37,0.7342048717669493,0.7342048717669493,0.44565665345540384,0.4384398795246717,0.8106906388494185,0.7831035324119222,0.5072195350346808,0.6059038384182452,0.8052637146024427,0.8411458451651214,0.8669306040923226,0.896153502790701,0.8594350491441708,0.84304554218116,0.5764098215793737,0.6353251499187395,0.7208305635167505,0.6837340272402384,0.5778817115589531
16,4336,completed,2026-03-12T15:05:20,2026-03-12T15:31:37,0.7147847620816523,0.7147847620816523,0.4208667290682749,0.41943090771500646,0.8118881269648778,0.779894490940495,0.48492858974578446,0.5330108731809995,0.7994029959690956,0.827161401012523,0.8662742543960501,0.895243120997623,0.8533779530825841,0.8390025814492389,0.5139310916572639,0.5638808645440134,0.664056842681438,0.6612639765322906,0.6284542680705059
18,4337,completed,2026-03-12T15:05:28,2026-03-12T15:33:02,0.7439326500284417,0.7439326500284417,0.457269967098837,0.4470747194231423,0.8026720661584188,0.8053010299523011,0.5188495422202135,0.6475704026103609,0.8073279628284198,0.8455072618884669,0.8639747328823488,0.8965721580804983,0.8639769758011842,0.8498264009542984,0.5575195247082341,0.6314702243346365,0.7321500216731351,0.689438737396968,0.6468327089371418
20,4338,completed,2026-03-12T15:05:36,2026-03-12T15:34:27,0.7482395870441999,0.7482395870441999,0.4624041421934439,0.44868547689765625,0.8081741534408908,0.7973544036979144,0.5303695865136951,0.6511827186490652,0.8088948654558602,0.8455046790806742,0.865307288053577,0.8964767656381865,0.8621896967224173,0.8509913716377256,0.5776957674614864,0.6504049505185716,0.7360911092452594,0.691337250398829,0.6516191991488434
22,4339,completed,2026-03-12T15:05:45,2026-03-12T15:35:41,0.7512350745856737,0.7512350745856737,0.4679690122196533,0.45108520007894154,0.8093024607455332,0.8101557409215118,0.5398852059597166,0.6666080874298461,0.809574536421586,0.8469376412961438,0.8664942013650435,0.8965428583390349,0.8675396436638493,0.8560660161093904,0.56307003893327,0.6542149896419452,0.7453691600984581,0.6945416855165526,0.6422238523432254
24,4340,completed,2026-03-12T15:05:53,2026-03-12T15:36:54,0.7569601328063599,0.7569601328063599,0.469816290521945,0.4556611719366114,0.8173348863821415,0.832938423591266,0.5273096342831248,0.7013132400950595,0.8106078521935829,0.8484236068384414,0.869785369518317,0.8974492604350045,0.8652109236035954,0.8586824008979188,0.5741487779274489,0.6461711834878954,0.748779753758254,0.7090658784535993,0.6471808006297479
26,4341,completed,2026-03-12T15:06:01,2026-03-12T15:38:42,0.7614667004468251,0.7614667004468251,0.47753803691678126,0.45950809519227215,0.8133832467049363,0.8344883528491431,0.5467961194951648,0.7153250400369585,0.8116388898958173,0.8478364707918193,0.8706884565118795,0.9003562080489249,0.8692906114643734,0.8612046949046236,0.5766154986635371,0.6446634536427581,0.7524988312396417,0.706936302588492,0.6702783298643064
28,4342,completed,2026-03-12T15:06:10,2026-03-12T15:40:08,0.7652316263581631,0.7652316263581631,0.48186579481903924,0.4639739058580833,0.8273082458326353,0.8384652740334656,0.5501183723126668,0.7100859200287506,0.8095210770220739,0.8494963997159816,0.8706655850607197,0.9013912502793384,0.8710995938594256,0.8622823903450969,0.5879221407453813,0.6701639581170308,0.759441090646519,0.7104447334944406,0.6600683638789213
30,4343,completed,2026-03-12T15:06:19,2026-03-12T15:41:35,0.7692841582294097,0.7692841582294097,0.4885633130179095,0.46954886929906026,0.8352693725344953,0.8437024716505301,0.5490475478585952,0.7189320180755531,0.8111750291030897,0.8513416128495404,0.8745142094247066,0.9021317990923652,0.8698179235648662,0.8631933180726601,0.6093810782318428,0.6811657184538266,0.7621531977221926,0.7057055286826656,0.6617315481242152
32,4344,completed,2026-03-12T15:06:28,2026-03-12T15:42:50,0.772543553753127,0.772543553753127,0.4944465428831957,0.473840610531575,0.8347604610652776,0.8388612159832658,0.5550063345749671,0.7165696484633988,0.8089127062337839,0.8553590670410324,0.8789157392576289,0.9035680441514492,0.8707896843840883,0.8663134971204773,0.6327670155353129,0.686951905681993,0.7642576395391556,0.7037824086103577,0.6713379386547147
34,4345,completed,2026-03-12T15:06:36,2026-03-12T15:44:30,0.7767942839864582,0.7767942839864582,0.4937646875817443,0.47562746700315744,0.8303517053977192,0.841006612430589,0.5683111902505134,0.7251763839854948,0.8094237600787437,0.857209497474583,0.8809457460913209,0.9049752568664939,0.8747670084891335,0.8691841707602914,0.6368896496901838,0.6943916148217188,0.7675991175103607,0.7058947133026823,0.685787832647046
36,4346,completed,2026-03-12T15:06:45,2026-03-12T17:09:20,0.7804759520612913,0.7804759520612913,0.5020629076766417,0.48145756885042185,0.8409479170377582,0.8430934626038467,0.5648637268262462,0.7326279701246784,0.813472894487824,0.8623264850566004,0.8819273663175013,0.9063862076773763,0.8778920926661076,0.8725430967691005,0.6453145099092089,0.6979084701778774,0.7699213633734737,0.7103533854440005,0.6875603324477699
38,4347,completed,2026-03-12T15:06:53,2026-03-12T15:56:49,0.7860333612886083,0.7860333612886083,0.5050326541046799,0.4830107164012632,0.8452154448147086,0.8468983295524531,0.5819561046493978,0.7347529101371796,0.8148178157187173,0.864365469807266,0.8820495171789767,0.9064529501266765,0.8767972433716128,0.8756460199948428,0.656333451760281,0.7037292053677493,0.772346533377194,0.718337829839945,0.7108015936321281
40,4348,completed,2026-03-12T15:07:00,2026-03-12T15:57:59,0.7893177881055681,0.7893177881055681,0.5092619031992894,0.48470328872026214,0.8566187528059734,0.849524813643246,0.5785529030930763,0.7462126432643084,0.8167124910823829,0.8668094459201663,0.8847121882351987,0.9065496441364845,0.8786278209501036,0.8768691937657134,0.6611137834950285,0.7071104527808086,0.772800141334846,0.729875171404281,0.7076773756719037
42,4349,completed,2026-03-12T15:07:08,2026-03-12T15:59:20,0.7957586717889843,0.7957586717889843,0.5137536977561219,0.4899591009161268,0.8630306366871872,0.8468271101491003,0.5877555082900137,0.7507412494201957,0.8184126949375694,0.868343170953937,0.8863304917990855,0.9066824585215607,0.8820038152795415,0.8793404389891902,0.6783472560111558,0.7170191715163583,0.7741205106652684,0.7432873715241817,0.734138192090418
44,4350,completed,2026-03-12T15:07:16,2026-03-12T17:10:29,0.7960870553596983,0.7960870553596983,0.5132667774422784,0.4914924144826303,0.8642894906809284,0.8442273803793472,0.5786903116064874,0.7582266056729803,0.8202626677367072,0.868701864858318,0.888143924173207,0.9069145345446465,0.8812267288074418,0.8782504306172801,0.6752965901560694,0.7254036336397753,0.7756577309612005,0.7471591044545305,0.7288548321065548
46,4351,completed,2026-03-12T15:07:23,2026-03-12T16:01:12,0.7977994618589473,0.7977994618589473,0.5167683168499563,0.4921218132952919,0.8658549074239943,0.851729340653429,0.5803799340601984,0.7530448987676782,0.821335668819323,0.868961811204039,0.8901836632881353,0.9070617376390653,0.8805354096466578,0.8799957379655792,0.6931999882148179,0.7279337152017537,0.7771900904772493,0.7461594659901236,0.7234255585321675
48,4352,completed,2026-03-12T15:07:31,2026-03-12T16:02:33,0.8008139694887716,0.8008139694887716,0.515761710938706,0.49504867364104205,0.86989098067984,0.8543316503127103,0.5912419584527459,0.7638927218944389,0.8221159177572699,0.8687938678356144,0.8898965546710239,0.9071414995569431,0.8797753781651326,0.8810855871832148,0.6965790134596369,0.7298455437374388,0.7771024890964604,0.7454374091603699,0.7350789703687332
50,4353,completed,2026-03-12T15:07:38,2026-03-12T16:03:56,0.8052146948382628,0.8052146948382628,0.532204437563406,0.5017510365746881,0.873029208871637,0.8613266925696366,0.6029147066998672,0.7637079660478061,0.8243508347106572,0.8690673826751412,0.8910676196556198,0.9073576812472173,0.8817342234669794,0.8823194231509298,0.7020951492271585,0.7485163170902934,0.7783372266636188,0.7428531766956236,0.7495428138017575
52,4354,completed,2026-03-12T15:07:45,2026-03-12T16:05:37,0.80833255574898,0.80833255574898,0.5357518167842819,0.5078315635815167,0.8784706441608265,0.8646665279045039,0.6025391376052801,0.778632103758329,0.8268025987591922,0.868611574022347,0.8938282756274228,0.9077855219894575,0.8827197481788415,0.8828465847977776,0.6931755128419497,0.7625030500418422,0.7802136091303025,0.7432751110540502,0.7589183363625771
54,4355,completed,2026-03-12T15:07:54,2026-03-12T16:07:11,0.8149918572793365,0.8149918572793365,0.5463833067136713,0.513697871644047,0.8800775539495624,0.870681880759657,0.6174776075413968,0.7844019382717442,0.8291765318470882,0.8686064496291668,0.8936223359669677,0.9085398057360676,0.8796310285084739,0.8841824542112706,0.7042314346047875,0.7629807298739949,0.7824087311554578,0.7797335351930623,0.7791258419413516
56,4356,completed,2026-03-12T15:08:01,2026-03-12T16:11:45,0.8167417556782405,0.8167417556782405,0.5586102999882734,0.5185757911799092,0.8819526114821998,0.8734688533131437,0.6228312932421727,0.7852148551486463,0.8318148384331733,0.8680630138893737,0.8931916751619206,0.9085365773132704,0.8808061841946893,0.8835730808518839,0.7131939411927556,0.7687657935830632,0.7837403843965559,0.7816388084886098,0.774334424482148
58,4357,completed,2026-03-12T15:08:09,2026-03-12T16:13:05,0.8182150871105212,0.8182150871105212,0.5634642256984407,0.52059691810146,0.8826694755147345,0.8767938701606797,0.6254426694699695,0.7954009240563631,0.8322867992953911,0.8665390762223464,0.8931638183699745,0.9086054746718422,0.8849059254135447,0.8826969025080993,0.7238951071952799,0.7485981751438018,0.783976647186587,0.8017036779387607,0.7665477635104442
59,4379,completed,2026-03-13T09:13:27,2026-03-13T09:17:23,0.8182707459863664,0.8182707459863664,0.5701562891002692,0.5217678333882931,0.8848940623815074,0.874772576191833,0.6243884032315614,0.7882661460835151,0.8337687104064548,0.8660840421628767,0.8931662836418799,0.9086823289070481,0.8811188857540533,0.8823684103705112,0.7254549452126499,0.7508808133295513,0.7834085677517673,0.8102540662903692,0.7665529480799169
60,4358,completed,2026-03-12T15:08:17,2026-03-12T16:14:12,0.8175996589375771,0.8175996589375771,0.5654824015950168,0.5230432066065198,0.8822595958105517,0.8785715522316583,0.6185863370452104,0.7951969854487975,0.831822890561964,0.8665958649458276,0.8928448124728467,0.9084681272181274,0.8822914635564405,0.8819158557014458,0.7252360350945869,0.7439266864117843,0.7817093638405115,0.8132517607643641,0.7613175529595401
62,4359,completed,2026-03-12T15:08:25,2026-03-12T16:15:31,0.8175336765094148,0.8175336765094148,0.5730150458827293,0.5250243517042732,0.8808827171760346,0.8778313353754008,0.6189302080780369,0.7775736351305014,0.8315293297508617,0.8655685591948189,0.8918117259856608,0.908749145591251,0.8831931855142073,0.8779717670524357,0.7252645265000887,0.7466827494268403,0.7847957539717733,0.8200750316090806,0.7721454772842308
64,4360,completed,2026-03-12T15:08:35,2026-03-12T16:17:02,0.8177554499769611,0.8177554499769611,0.5754546357380871,0.5258307991486292,0.8832822492691201,0.8747530385031282,0.619224127626595,0.7915661718218944,0.831692759677109,0.864537511859229,0.8915731371224688,0.9084764057024808,0.8836250446685304,0.8776798715545882,0.7114857678512927,0.7506079832678589,0.7850452228031561,0.822198474722771,0.7705839832041946
66,4361,completed,2026-03-12T15:08:43,2026-03-12T17:11:48,0.8159612233789649,0.8159612233789649,0.5769566162290583,0.5250012031354224,0.8835573552769377,0.8785144921972284,0.6259720757706014,0.7885039280691196,0.8290644744507004,0.8656351724296425,0.8910988649476739,0.9084694965157852,0.880496557095598,0.8796918915736268,0.7077832810561276,0.7370167228510088,0.7808077381099174,0.8249449210355749,0.757861379304933
68,4362,completed,2026-03-12T15:08:52,2026-03-12T16:29:20,0.8169183122883795,0.8169183122883795,0.5757347728583428,0.525443079792921,0.8831384592888756,0.8803389367813965,0.6165141772860788,0.7889927900641475,0.8279345105044756,0.8648328242556519,0.8911685045486901,0.9085370713474639,0.8788653131652406,0.8781411852556027,0.7056530799025111,0.7527216013645975,0.784109409070673,0.8214311729176509,0.7713956485726381
70,4363,completed,2026-03-12T15:09:00,2026-03-12T16:31:29,0.8163873995854429,0.8163873995854429,0.5663330269963514,0.5220377972351249,0.8820203441261267,0.8795700659846284,0.6265786492272657,0.7843190720057592,0.8264019967468056,0.8640612089039998,0.8910571327327087,0.9084692996876542,0.8820899976563479,0.8767522807943569,0.6995748624213939,0.751180672435078,0.7850525544259306,0.8223753527592172,0.7663075038743731
